{
  "Patch Notification" : {
    "transaction" : "Patch Notification",
    "sampleCount" : 400,
    "errorCount" : 0,
    "errorPct" : 0.0,
    "meanResTime" : 3517.8874999999985,
    "medianResTime" : 2457.5,
    "minResTime" : 61.0,
    "maxResTime" : 16622.0,
    "pct1ResTime" : 6897.800000000007,
    "pct2ResTime" : 9768.649999999996,
    "pct3ResTime" : 15016.16000000001,
    "throughput" : 0.2649445272396092,
    "receivedKBytesPerSec" : 0.19481572901142574,
    "sentKBytesPerSec" : 0.41278887750455373
  },
  "RegisterSeller" : {
    "transaction" : "RegisterSeller",
    "sampleCount" : 400,
    "errorCount" : 0,
    "errorPct" : 0.0,
    "meanResTime" : 3473.6475000000023,
    "medianResTime" : 2755.5,
    "minResTime" : 388.0,
    "maxResTime" : 15796.0,
    "pct1ResTime" : 6189.8,
    "pct2ResTime" : 8231.799999999997,
    "pct3ResTime" : 10493.690000000002,
    "throughput" : 0.2582457880111975,
    "receivedKBytesPerSec" : 0.14627202836571734,
    "sentKBytesPerSec" : 0.13783616741945315
  },
  "Get Order Seller" : {
    "transaction" : "Get Order Seller",
    "sampleCount" : 400,
    "errorCount" : 358,
    "errorPct" : 89.5,
    "meanResTime" : 2604.4100000000026,
    "medianResTime" : 1929.5,
    "minResTime" : 167.0,
    "maxResTime" : 13282.0,
    "pct1ResTime" : 5143.500000000002,
    "pct2ResTime" : 7703.499999999998,
    "pct3ResTime" : 11220.710000000005,
    "throughput" : 0.2631132347272634,
    "receivedKBytesPerSec" : 0.09685663243508667,
    "sentKBytesPerSec" : 0.0908948308445014
  },
  "History" : {
    "transaction" : "History",
    "sampleCount" : 400,
    "errorCount" : 0,
    "errorPct" : 0.0,
    "meanResTime" : 2154.6849999999986,
    "medianResTime" : 1524.0,
    "minResTime" : 161.0,
    "maxResTime" : 13189.0,
    "pct1ResTime" : 4377.100000000004,
    "pct2ResTime" : 5829.3499999999985,
    "pct3ResTime" : 11081.950000000013,
    "throughput" : 0.26397935681429713,
    "receivedKBytesPerSec" : 0.06857276260996391,
    "sentKBytesPerSec" : 0.08842277283916399
  },
  "List Product Seller" : {
    "transaction" : "List Product Seller",
    "sampleCount" : 400,
    "errorCount" : 0,
    "errorPct" : 0.0,
    "meanResTime" : 4605.812500000003,
    "medianResTime" : 3997.0,
    "minResTime" : 550.0,
    "maxResTime" : 16463.0,
    "pct1ResTime" : 9396.300000000003,
    "pct2ResTime" : 10100.9,
    "pct3ResTime" : 13274.120000000003,
    "throughput" : 0.26036683082795353,
    "receivedKBytesPerSec" : 0.1810363120600614,
    "sentKBytesPerSec" : 0.08899256913064817
  },
  "Get Produk Seller" : {
    "transaction" : "Get Produk Seller",
    "sampleCount" : 400,
    "errorCount" : 400,
    "errorPct" : 100.0,
    "meanResTime" : 1937.4799999999993,
    "medianResTime" : 1238.0,
    "minResTime" : 156.0,
    "maxResTime" : 12438.0,
    "pct1ResTime" : 3778.4,
    "pct2ResTime" : 5254.7,
    "pct3ResTime" : 7449.580000000004,
    "throughput" : 0.2609344584827183,
    "receivedKBytesPerSec" : 0.08638357561097804,
    "sentKBytesPerSec" : 0.09224440817455472
  },
  "List Order Seller" : {
    "transaction" : "List Order Seller",
    "sampleCount" : 400,
    "errorCount" : 0,
    "errorPct" : 0.0,
    "meanResTime" : 3292.9799999999987,
    "medianResTime" : 2070.0,
    "minResTime" : 368.0,
    "maxResTime" : 13805.0,
    "pct1ResTime" : 7762.9,
    "pct2ResTime" : 9519.7,
    "pct3ResTime" : 11528.0,
    "throughput" : 0.2629146986405995,
    "receivedKBytesPerSec" : 0.06829620101406199,
    "sentKBytesPerSec" : 0.09345795928240062
  },
  "Get History" : {
    "transaction" : "Get History",
    "sampleCount" : 400,
    "errorCount" : 0,
    "errorPct" : 0.0,
    "meanResTime" : 2146.897500000002,
    "medianResTime" : 1546.5,
    "minResTime" : 48.0,
    "maxResTime" : 13746.0,
    "pct1ResTime" : 4302.200000000003,
    "pct2ResTime" : 6472.45,
    "pct3ResTime" : 10767.000000000007,
    "throughput" : 0.2641981750511058,
    "receivedKBytesPerSec" : 0.0686296040660099,
    "sentKBytesPerSec" : 0.08849606840090751
  },
  "Get Banner" : {
    "transaction" : "Get Banner",
    "sampleCount" : 400,
    "errorCount" : 0,
    "errorPct" : 0.0,
    "meanResTime" : 1046.1550000000004,
    "medianResTime" : 727.5,
    "minResTime" : 16.0,
    "maxResTime" : 8018.0,
    "pct1ResTime" : 2045.1000000000004,
    "pct2ResTime" : 3203.95,
    "pct3ResTime" : 6256.1600000000035,
    "throughput" : 0.2638264865962954,
    "receivedKBytesPerSec" : 0.13397438772468123,
    "sentKBytesPerSec" : 0.09043271171415984
  },
  "Patch  Product Seller" : {
    "transaction" : "Patch  Product Seller",
    "sampleCount" : 400,
    "errorCount" : 400,
    "errorPct" : 100.0,
    "meanResTime" : 8711.652499999993,
    "medianResTime" : 7797.0,
    "minResTime" : 150.0,
    "maxResTime" : 22233.0,
    "pct1ResTime" : 15253.800000000001,
    "pct2ResTime" : 16726.85,
    "pct3ResTime" : 19066.83,
    "throughput" : 0.2619820778060573,
    "receivedKBytesPerSec" : 0.08442781804296769,
    "sentKBytesPerSec" : 0.45114644175941926
  },
  "List Banner" : {
    "transaction" : "List Banner",
    "sampleCount" : 400,
    "errorCount" : 0,
    "errorPct" : 0.0,
    "meanResTime" : 1044.1349999999995,
    "medianResTime" : 744.0,
    "minResTime" : 13.0,
    "maxResTime" : 7202.0,
    "pct1ResTime" : 2064.7000000000003,
    "pct2ResTime" : 3194.049999999998,
    "pct3ResTime" : 5871.990000000001,
    "throughput" : 0.26360394035170037,
    "receivedKBytesPerSec" : 0.47520788465745983,
    "sentKBytesPerSec" : 0.08984157732689788
  },
  "List Notification" : {
    "transaction" : "List Notification",
    "sampleCount" : 400,
    "errorCount" : 0,
    "errorPct" : 0.0,
    "meanResTime" : 2421.6924999999997,
    "medianResTime" : 1896.5,
    "minResTime" : 239.0,
    "maxResTime" : 12932.0,
    "pct1ResTime" : 4797.800000000001,
    "pct2ResTime" : 7044.15,
    "pct3ResTime" : 9945.910000000002,
    "throughput" : 0.2643616096714051,
    "receivedKBytesPerSec" : 0.7686255713928354,
    "sentKBytesPerSec" : 0.08984164078676658
  },
  "Get  Product Seller" : {
    "transaction" : "Get  Product Seller",
    "sampleCount" : 400,
    "errorCount" : 0,
    "errorPct" : 0.0,
    "meanResTime" : 3598.4050000000007,
    "medianResTime" : 2568.5,
    "minResTime" : 384.0,
    "maxResTime" : 14997.0,
    "pct1ResTime" : 6667.600000000004,
    "pct2ResTime" : 9221.449999999997,
    "pct3ResTime" : 12025.99,
    "throughput" : 0.2605688347947988,
    "receivedKBytesPerSec" : 0.18117676794325852,
    "sentKBytesPerSec" : 0.09135176922981715
  },
  "Patch  Order Seller" : {
    "transaction" : "Patch  Order Seller",
    "sampleCount" : 400,
    "errorCount" : 383,
    "errorPct" : 95.75,
    "meanResTime" : 2595.532500000003,
    "medianResTime" : 1534.5,
    "minResTime" : 110.0,
    "maxResTime" : 29243.0,
    "pct1ResTime" : 4977.300000000002,
    "pct2ResTime" : 7203.799999999994,
    "pct3ResTime" : 16978.930000000015,
    "throughput" : 0.26342964321089124,
    "receivedKBytesPerSec" : 0.08931589770730596,
    "sentKBytesPerSec" : 0.4539138431536611
  },
  "Total" : {
    "transaction" : "Total",
    "sampleCount" : 8000,
    "errorCount" : 1541,
    "errorPct" : 19.2625,
    "meanResTime" : 3878.1038750000043,
    "medianResTime" : 2151.5,
    "minResTime" : 10.0,
    "maxResTime" : 29243.0,
    "pct1ResTime" : 9322.800000000007,
    "pct2ResTime" : 13794.249999999996,
    "pct3ResTime" : 20541.89,
    "throughput" : 5.143725330211092,
    "receivedKBytesPerSec" : 4.649634471004821,
    "sentKBytesPerSec" : 3.917175393157431
  },
  "List Categorry" : {
    "transaction" : "List Categorry",
    "sampleCount" : 400,
    "errorCount" : 0,
    "errorPct" : 0.0,
    "meanResTime" : 2705.6175000000007,
    "medianResTime" : 2117.0,
    "minResTime" : 40.0,
    "maxResTime" : 12072.0,
    "pct1ResTime" : 5451.700000000005,
    "pct2ResTime" : 6938.299999999997,
    "pct3ResTime" : 10252.350000000002,
    "throughput" : 0.2587591592656156,