{
  "Get Buyer Order" : {
    "transaction" : "Get Buyer Order",
    "sampleCount" : 400,
    "errorCount" : 0,
    "errorPct" : 0.0,
    "meanResTime" : 3415.1375000000007,
    "medianResTime" : 2139.5,
    "minResTime" : 900.0,
    "maxResTime" : 16017.0,
    "pct1ResTime" : 7744.700000000001,
    "pct2ResTime" : 10446.699999999995,
    "pct3ResTime" : 13775.540000000003,
    "throughput" : 0.32171072897238356,
    "receivedKBytesPerSec" : 0.35227089194500677,
    "sentKBytesPerSec" : 0.11077263833159207
  },
  "LoginBuyer" : {
    "transaction" : "LoginBuyer",
    "sampleCount" : 400,
    "errorCount" : 0,
    "errorPct" : 0.0,
    "meanResTime" : 2538.6850000000018,
    "medianResTime" : 2062.0,
    "minResTime" : 560.0,
    "maxResTime" : 9764.0,
    "pct1ResTime" : 4718.700000000001,
    "pct2ResTime" : 5453.949999999998,
    "pct3ResTime" : 8384.220000000012,
    "throughput" : 0.325434495731113,
    "receivedKBytesPerSec" : 0.1604925979923946,
    "sentKBytesPerSec" : 0.1355447387005075
  },
  "Buyer Order" : {
    "transaction" : "Buyer Order",
    "sampleCount" : 400,
    "errorCount" : 33,
    "errorPct" : 8.25,
    "meanResTime" : 10378.779999999997,
    "medianResTime" : 8194.5,
    "minResTime" : 1196.0,
    "maxResTime" : 27536.0,
    "pct1ResTime" : 19957.900000000005,
    "pct2ResTime" : 22837.55,
    "pct3ResTime" : 26410.73,
    "throughput" : 0.3209409990090947,
    "receivedKBytesPerSec" : 0.2022946905326417,
    "sentKBytesPerSec" : 0.6056037552102765
  },
  "History" : {
    "transaction" : "History",
    "sampleCount" : 400,
    "errorCount" : 0,
    "errorPct" : 0.0,
    "meanResTime" : 3854.9449999999983,
    "medianResTime" : 2263.5,
    "minResTime" : 783.0,
    "maxResTime" : 14762.0,
    "pct1ResTime" : 9054.9,
    "pct2ResTime" : 10696.499999999995,
    "pct3ResTime" : 13540.42,
    "throughput" : 0.32155736663810164,
    "receivedKBytesPerSec" : 0.092146282877231,
    "sentKBytesPerSec" : 0.10770915698912976
  },
  "Get History" : {
    "transaction" : "Get History",
    "sampleCount" : 400,
    "errorCount" : 0,
    "errorPct" : 0.0,
    "meanResTime" : 3567.415000000001,
    "medianResTime" : 2083.0,
    "minResTime" : 721.0,
    "maxResTime" : 15183.0,
    "pct1ResTime" : 8348.0,
    "pct2ResTime" : 10485.399999999998,
    "pct3ResTime" : 13278.780000000002,
    "throughput" : 0.322278379229803,
    "receivedKBytesPerSec" : 0.09420348092877406,
    "sentKBytesPerSec" : 0.10795066804279535
  },
  "List  Buyer Order" : {
    "transaction" : "List  Buyer Order",
    "sampleCount" : 400,
    "errorCount" : 0,
    "errorPct" : 0.0,
    "meanResTime" : 4029.7125000000015,
    "medianResTime" : 2513.5,
    "minResTime" : 938.0,
    "maxResTime" : 16023.0,
    "pct1ResTime" : 9787.900000000001,
    "pct2ResTime" : 11249.999999999996,
    "pct3ResTime" : 15990.110000000002,
    "throughput" : 0.32131765945790497,
    "receivedKBytesPerSec" : 0.3526814322674423,
    "sentKBytesPerSec" : 0.10888401155458304
  },
  "Get  Order" : {
    "transaction" : "Get  Order",
    "sampleCount" : 400,
    "errorCount" : 0,
    "errorPct" : 0.0,
    "meanResTime" : 4297.542500000002,
    "medianResTime" : 3050.0,
    "minResTime" : 849.0,
    "maxResTime" : 15266.0,
    "pct1ResTime" : 9007.0,
    "pct2ResTime" : 10278.099999999999,
    "pct3ResTime" : 13495.97,
    "throughput" : 0.3208478082485159,
    "receivedKBytesPerSec" : 0.35233804931150076,
    "sentKBytesPerSec" : 0.10872479439671388
  },
  "Buyer Wishlist" : {
    "transaction" : "Buyer Wishlist",
    "sampleCount" : 400,
    "errorCount" : 0,
    "errorPct" : 0.0,
    "meanResTime" : 4554.9925,
    "medianResTime" : 2696.0,
    "minResTime" : 701.0,
    "maxResTime" : 21175.0,
    "pct1ResTime" : 10549.7,
    "pct2ResTime" : 13704.449999999992,
    "pct3ResTime" : 17788.350000000002,
    "throughput" : 0.32091216072564654,
    "receivedKBytesPerSec" : 0.22971544317568257,
    "sentKBytesPerSec" : 0.5509880033005816
  },
  "Delete Wishlist" : {
    "transaction" : "Delete Wishlist",
    "sampleCount" : 400,
    "errorCount" : 400,
    "errorPct" : 100.0,
    "meanResTime" : 2150.6575,
    "medianResTime" : 1158.0,
    "minResTime" : 430.0,
    "maxResTime" : 11029.0,
    "pct1ResTime" : 5491.100000000008,
    "pct2ResTime" : 6785.8499999999985,
    "pct3ResTime" : 9522.470000000003,
    "throughput" : 0.3222080271685808,
    "receivedKBytesPerSec" : 0.14474188720463593,
    "sentKBytesPerSec" : 0.5008855937971732
  },
  "Total" : {
    "transaction" : "Total",
    "sampleCount" : 5600,
    "errorCount" : 505,
    "errorPct" : 9.017858,
    "meanResTime" : 4539.758928571437,
    "medianResTime" : 2880.5,
    "minResTime" : 430.0,
    "maxResTime" : 27536.0,
    "pct1ResTime" : 10296.30000000001,
    "pct2ResTime" : 13480.95,
    "pct3ResTime" : 20005.769999999997,
    "throughput" : 4.39277357370172,
    "receivedKBytesPerSec" : 2.9007273986896984,
    "sentKBytesPerSec" : 3.6382734995246393
  },
  "Delete  Buyer Order" : {
    "transaction" : "Delete  Buyer Order",
    "sampleCount" : 400,
    "errorCount" : 33,
    "errorPct" : 8.25,
    "meanResTime" : 4540.0875000000015,
    "medianResTime" : 2831.0,
    "minResTime" : 672.0,
    "maxResTime" : 19184.0,
    "pct1ResTime" : 10483.7,
    "pct2ResTime" : 11055.9,
    "pct3ResTime" : 14281.700000000003,
    "throughput" : 0.3221766252803943,
    "receivedKBytesPerSec" : 0.10423625136421664,
    "sentKBytesPerSec" : 0.5013763611962417
  },
  "Edit Buyer Order" : {
    "transaction" : "Edit Buyer Order",
    "sampleCount" : 400,
    "errorCount" : 39,
    "errorPct" : 9.75,
    "meanResTime" : 7621.097500000003,
    "medianResTime" : 4783.5,
    "minResTime" : 744.0,
    "maxResTime" : 25992.0,
    "pct1ResTime" : 17681.9,
    "pct2ResTime" : 19947.8,
    "pct3ResTime" : 24227.440000000002,
    "throughput" : 0.32119020241406554,
    "receivedKBytesPerSec" : 0.20244078958990436,
    "sentKBytesPerSec" : 0.49911671439686905
  },
  "Get Wishlist" : {
    "transaction" : "Get Wishlist",
    "sampleCount" : 400,
    "errorCount" : 0,
    "errorPct" : 0.0,
    "meanResTime" : 3853.7649999999994,
    "medianResTime" : 2405.0,
    "minResTime" : 569.0,
    "maxResTime" : 15535.0,
    "pct1ResTime" : 8315.6,
    "pct2ResTime" : 9345.15,
    "pct3ResTime" : 11780.91,
    "throughput" : 0.32108346404106014,
    "receivedKBytesPerSec" : 0.25147357242278345,
    "sentKBytesPerSec" : 0.11005888269376184
  },
  "RegisterBuyer" : {
    "transaction" : "RegisterBuyer",
    "sampleCount" : 400,
    "errorCount" : 0,
    "errorPct" : 0.0,
    "meanResTime" : 4702.944999999999,
    "medianResTime" : 3727.5,
    "minResTime" : 1070.0,
    "maxResTime" : 14932.0,
    "pct1ResTime" : 9162.2,
    "pct2ResTime" : 10737.75,
    "pct3ResTime" : 13515.84,
    "throughput" : 0.32526618971801047,
    "receivedKBytesPerSec" : 0.18423280276996687,
    "sentKBytesPerSec" : 0.1735917701961843
  },
  "List  Wishlist" : {
    "transaction" : "List  Wishlist",
    "sampleCount" : 400,
    "errorCount" : 0,
    "errorPct" : 0.0,
    "meanResTime" : 4050.862499999999,
    "medianResTime" : 2135.5,
    "minResTime" : 656.0,
    "maxResTime" : 17269.0,
    "pct1ResTime" : 9526.7,
    "pct2ResTime" : 12724.199999999999,
    "pct3ResTime" : 16484.500000000007,
    "throughput" : 0.3212183168320807,
    "receivedKBytesPerSec" : 0.2515791895501257,
    "sentKBytesPerSec" : 0.10979141688596508
  }
}