{
  "Delete Product" : {
    "transaction" : "Delete Product",
    "sampleCount" : 200,
    "errorCount" : 0,
    "errorPct" : 0.0,
    "meanResTime" : 906.6400000000002,
    "medianResTime" : 892.0,
    "minResTime" : 168.0,
    "maxResTime" : 2092.0,
    "pct1ResTime" : 1243.4,
    "pct2ResTime" : 1385.6999999999998,
    "pct3ResTime" : 1608.6500000000003,
    "throughput" : 3.544590954203885,
    "receivedKBytesPerSec" : 42.400784683822486,
    "sentKBytesPerSec" : 0.5607653658017865
  },
  "Update Profile" : {
    "transaction" : "Update Profile",
    "sampleCount" : 200,
    "errorCount" : 0,
    "errorPct" : 0.0,
    "meanResTime" : 284.35499999999985,
    "medianResTime" : 255.0,
    "minResTime" : 23.0,
    "maxResTime" : 1098.0,
    "pct1ResTime" : 489.9,
    "pct2ResTime" : 558.0,
    "pct3ResTime" : 864.5300000000004,
    "throughput" : 3.6054225555235075,
    "receivedKBytesPerSec" : 1.8872133689068358,
    "sentKBytesPerSec" : 6.396649858261825
  },
  "Get List Category" : {
    "transaction" : "Get List Category",
    "sampleCount" : 200,
    "errorCount" : 0,
    "errorPct" : 0.0,
    "meanResTime" : 202.5549999999999,
    "medianResTime" : 174.0,
    "minResTime" : 51.0,
    "maxResTime" : 771.0,
    "pct1ResTime" : 326.0,
    "pct2ResTime" : 415.9999999999998,
    "pct3ResTime" : 646.0600000000009,
    "throughput" : 3.5169782123199744,
    "receivedKBytesPerSec" : 3.6749674679515363,
    "sentKBytesPerSec" : 1.1278028667768654
  },
  "Get Profile" : {
    "transaction" : "Get Profile",
    "sampleCount" : 200,
    "errorCount" : 0,
    "errorPct" : 0.0,
    "meanResTime" : 486.1750000000002,
    "medianResTime" : 461.0,
    "minResTime" : 33.0,
    "maxResTime" : 1303.0,
    "pct1ResTime" : 807.7,
    "pct2ResTime" : 899.9,
    "pct3ResTime" : 1279.810000000001,
    "throughput" : 3.63167547347969,
    "receivedKBytesPerSec" : 13.317059596929418,
    "sentKBytesPerSec" : 0.6206476639247517
  },
  "Offers" : {
    "transaction" : "Offers",
    "sampleCount" : 200,
    "errorCount" : 0,
    "errorPct" : 0.0,
    "meanResTime" : 384.5750000000002,
    "medianResTime" : 310.0,
    "minResTime" : 129.0,
    "maxResTime" : 1860.0,
    "pct1ResTime" : 650.9000000000001,
    "pct2ResTime" : 883.4499999999996,
    "pct3ResTime" : 1365.9500000000028,
    "throughput" : 3.497604141163303,
    "receivedKBytesPerSec" : 12.829905362482949,
    "sentKBytesPerSec" : 0.5977350827183379
  },
  "Update Product" : {
    "transaction" : "Update Product",
    "sampleCount" : 200,
    "errorCount" : 0,
    "errorPct" : 0.0,
    "meanResTime" : 337.6649999999999,
    "medianResTime" : 322.0,
    "minResTime" : 38.0,
    "maxResTime" : 940.0,
    "pct1ResTime" : 560.9,
    "pct2ResTime" : 619.75,
    "pct3ResTime" : 800.6300000000003,
    "throughput" : 3.5190203047471584,
    "receivedKBytesPerSec" : 2.4468188056445084,
    "sentKBytesPerSec" : 10.513623007354752
  },
  "Get Product" : {
    "transaction" : "Get Product",
    "sampleCount" : 200,
    "errorCount" : 0,
    "errorPct" : 0.0,
    "meanResTime" : 913.37,
    "medianResTime" : 898.0,
    "minResTime" : 285.0,
    "maxResTime" : 1599.0,
    "pct1ResTime" : 1261.4,
    "pct2ResTime" : 1377.9999999999998,
    "pct3ResTime" : 1579.2800000000007,
    "throughput" : 3.4771119108468507,
    "receivedKBytesPerSec" : 41.59354205240877,
    "sentKBytesPerSec" : 0.5500899702706932
  },
  "Update Offers" : {
    "transaction" : "Update Offers",
    "sampleCount" : 200,
    "errorCount" : 0,
    "errorPct" : 0.0,
    "meanResTime" : 188.91499999999996,
    "medianResTime" : 159.5,
    "minResTime" : 29.0,
    "maxResTime" : 892.0,
    "pct1ResTime" : 326.70000000000005,
    "pct2ResTime" : 398.39999999999986,
    "pct3ResTime" : 838.3700000000015,
    "throughput" : 3.4887574790238456,
    "receivedKBytesPerSec" : 1.8261464929265443,
    "sentKBytesPerSec" : 1.114630758630314
  },
  "Registration" : {
    "transaction" : "Registration",
    "sampleCount" : 200,
    "errorCount" : 0,
    "errorPct" : 0.0,
    "meanResTime" : 334.2250000000001,
    "medianResTime" : 264.0,
    "minResTime" : 69.0,
    "maxResTime" : 1409.0,
    "pct1ResTime" : 613.6000000000001,
    "pct2ResTime" : 932.4499999999996,
    "pct3ResTime" : 1287.5700000000004,
    "throughput" : 3.4622442267077522,
    "receivedKBytesPerSec" : 12.002322678998027,
    "sentKBytesPerSec" : 1.0993301639372641
  },
  "Total" : {
    "transaction" : "Total",
    "sampleCount" : 2800,
    "errorCount" : 0,
    "errorPct" : 0.0,
    "meanResTime" : 424.1703571428573,
    "medianResTime" : 327.0,
    "minResTime" : 23.0,
    "maxResTime" : 2115.0,
    "pct1ResTime" : 888.9000000000001,
    "pct2ResTime" : 1067.8999999999996,
    "pct3ResTime" : 1358.8399999999965,
    "throughput" : 45.73145834354125,
    "receivedKBytesPerSec" : 200.15942529950024,
    "sentKBytesPerSec" : 24.73031646067095
  },
  "Sign_in" : {
    "transaction" : "Sign_in",
    "sampleCount" : 200,
    "errorCount" : 0,
    "errorPct" : 0.0,
    "meanResTime" : 234.77999999999994,
    "medianResTime" : 204.0,
    "minResTime" : 39.0,
    "maxResTime" : 896.0,
    "pct1ResTime" : 410.0,
    "pct2ResTime" : 496.5999999999999,
    "pct3ResTime" : 724.5100000000014,
    "throughput" : 3.498215909885958,
    "receivedKBytesPerSec" : 10.856323626512978,
    "sentKBytesPerSec" : 1.1408146688938643
  },
  "List Offers" : {
    "transaction" : "List Offers",
    "sampleCount" : 200,
    "errorCount" : 0,
    "errorPct" : 0.0,
    "meanResTime" : 388.2100000000001,
    "medianResTime" : 341.5,
    "minResTime" : 110.0,
    "maxResTime" : 1125.0,
    "pct1ResTime" : 665.7,
    "pct2ResTime" : 789.0999999999996,
    "pct3ResTime" : 1081.800000000002,
    "throughput" : 3.480742790511495,
    "receivedKBytesPerSec" : 12.765352251170398,
    "sentKBytesPerSec" : 0.5948535042378044
  },
  "Get Category" : {
    "transaction" : "Get Category",
    "sampleCount" : 200,
    "errorCount" : 0,
    "errorPct" : 0.0,
    "meanResTime" : 216.55499999999998,
    "medianResTime" : 173.0,
    "minResTime" : 48.0,
    "maxResTime" : 969.0,
    "pct1ResTime" : 382.8,
    "pct2ResTime" : 559.4999999999999,
    "pct3ResTime" : 962.2900000000006,
    "throughput" : 3.520816829504445,
    "receivedKBytesPerSec" : 2.5065190124108794,
    "sentKBytesPerSec" : 1.140792788927031
  },
  "List Product" : {
    "transaction" : "List Product",
    "sampleCount" : 200,
    "errorCount" : 0,
    "errorPct" : 0.0,
    "meanResTime" : 599.4949999999999,
    "medianResTime" : 538.0,
    "minResTime" : 179.0,
    "maxResTime" : 2115.0,
    "pct1ResTime" : 898.9000000000001,
    "pct2ResTime" : 1092.5499999999997,
    "pct3ResTime" : 1265.2100000000007,
    "throughput" : 3.467226045802056,
    "receivedKBytesPerSec" : 43.729101836763,
    "sentKBytesPerSec" : 0.6975083646828355
  },
  "Create Product" : {
    "transaction" : "Create Product",
    "sampleCount" : 200,
    "errorCount" : 0,
    "errorPct" : 0.0,
    "meanResTime" : 460.86999999999995,
    "medianResTime" : 435.0,
    "minResTime" : 147.0,
    "maxResTime" : 1863.0,
    "pct1ResTime" : 728.0,
    "pct2ResTime" : 975.5499999999995,
    "pct3ResTime" : 1381.6800000000012,
    "throughput" : 3.475782485532055,
    "receivedKBytesPerSec" : 12.748789993222225,
    "sentKBytesPerSec" : 0.5940057958672946
  }
}