{
  "ChangePassword" : {
    "transaction" : "ChangePassword",
    "sampleCount" : 400,
    "errorCount" : 157,
    "errorPct" : 39.25,
    "meanResTime" : 4825.204999999994,
    "medianResTime" : 4697.5,
    "minResTime" : 7.0,
    "maxResTime" : 20497.0,
    "pct1ResTime" : 10737.0,
    "pct2ResTime" : 11689.749999999998,
    "pct3ResTime" : 20486.200000000008,
    "throughput" : 0.5645276244536431,
    "receivedKBytesPerSec" : 0.17344201622099562,
    "sentKBytesPerSec" : 0.23676944612430614
  },
  "Get User" : {
    "transaction" : "Get User",
    "sampleCount" : 400,
    "errorCount" : 149,
    "errorPct" : 37.25,
    "meanResTime" : 3371.9824999999983,
    "medianResTime" : 2964.5,
    "minResTime" : 7.0,
    "maxResTime" : 20267.0,
    "pct1ResTime" : 7895.500000000001,
    "pct2ResTime" : 9244.8,
    "pct3ResTime" : 12670.810000000001,
    "throughput" : 0.5633985326285218,
    "receivedKBytesPerSec" : 0.2628702562723863,
    "sentKBytesPerSec" : 0.16091933039732273
  },
  "UpdateProfile" : {
    "transaction" : "UpdateProfile",
    "sampleCount" : 400,
    "errorCount" : 157,
    "errorPct" : 39.25,
    "meanResTime" : 4588.4525,
    "medianResTime" : 4279.5,
    "minResTime" : 7.0,
    "maxResTime" : 14303.0,
    "pct1ResTime" : 10272.300000000001,
    "pct2ResTime" : 11394.899999999998,
    "pct3ResTime" : 13657.300000000001,
    "throughput" : 0.5666966543646268,
    "receivedKBytesPerSec" : 0.261520267817297,
    "sentKBytesPerSec" : 0.27420453277631773
  },
  "Create Product Delete  Seller" : {
    "transaction" : "Create Product Delete  Seller",
    "sampleCount" : 400,
    "errorCount" : 143,
    "errorPct" : 35.75,
    "meanResTime" : 8809.662499999999,
    "medianResTime" : 10456.0,
    "minResTime" : 11.0,
    "maxResTime" : 23072.0,
    "pct1ResTime" : 18180.7,
    "pct2ResTime" : 18949.25,
    "pct3ResTime" : 21478.400000000005,
    "throughput" : 0.5592372004585745,
    "receivedKBytesPerSec" : 0.29675206611931326,
    "sentKBytesPerSec" : 1.3153966193237425
  },
  "RegisterSeller" : {
    "transaction" : "RegisterSeller",
    "sampleCount" : 400,
    "errorCount" : 141,
    "errorPct" : 35.25,
    "meanResTime" : 4149.422500000002,
    "medianResTime" : 3984.5,
    "minResTime" : 9.0,
    "maxResTime" : 19050.0,
    "pct1ResTime" : 9008.400000000007,
    "pct2ResTime" : 9888.999999999998,
    "pct3ResTime" : 14994.910000000029,
    "throughput" : 0.5588707457710949,
    "receivedKBytesPerSec" : 0.26537355182618,
    "sentKBytesPerSec" : 0.27369248477775804
  },
  "Total" : {
    "transaction" : "Total",
    "sampleCount" : 2800,
    "errorCount" : 1069,
    "errorPct" : 38.17857,
    "meanResTime" : 5108.906071428573,
    "medianResTime" : 3717.5,
    "minResTime" : 7.0,
    "maxResTime" : 25140.0,
    "pct1ResTime" : 13767.7,
    "pct2ResTime" : 17041.799999999996,
    "pct3ResTime" : 20243.639999999992,
    "throughput" : 3.906762326532777,
    "receivedKBytesPerSec" : 1.660205030026259,
    "sentKBytesPerSec" : 2.6297066893537937
  },
  "LoginSeller" : {
    "transaction" : "LoginSeller",
    "sampleCount" : 400,
    "errorCount" : 141,
    "errorPct" : 35.25,
    "meanResTime" : 2375.2150000000024,
    "medianResTime" : 2008.5,
    "minResTime" : 8.0,
    "maxResTime" : 8794.0,
    "pct1ResTime" : 5714.6,
    "pct2ResTime" : 6313.799999999999,
    "pct3ResTime" : 7965.560000000002,
    "throughput" : 0.5591887289919784,
    "receivedKBytesPerSec" : 0.2390053994040446,
    "sentKBytesPerSec" : 0.20408340797920377
  },
  "Delete  Product Seller" : {
    "transaction" : "Delete  Product Seller",
    "sampleCount" : 400,
    "errorCount" : 181,
    "errorPct" : 45.25,
    "meanResTime" : 7642.402500000004,
    "medianResTime" : 6327.5,
    "minResTime" : 7.0,
    "maxResTime" : 25140.0,
    "pct1ResTime" : 18444.100000000006,
    "pct2ResTime" : 20006.9,
    "pct3ResTime" : 21830.110000000004,
    "throughput" : 0.5610885117127227,
    "receivedKBytesPerSec" : 0.1719799301269463,
    "sentKBytesPerSec" : 0.17736205112919062
  }
}