{
  "Delete Product" : {
    "transaction" : "Delete Product",
    "sampleCount" : 200,
    "errorCount" : 0,
    "errorPct" : 0.0,
    "meanResTime" : 761.3749999999998,
    "medianResTime" : 672.5,
    "minResTime" : 46.0,
    "maxResTime" : 2272.0,
    "pct1ResTime" : 1251.2,
    "pct2ResTime" : 1709.55,
    "pct3ResTime" : 2266.290000000001,
    "throughput" : 1.4225762856533182,
    "receivedKBytesPerSec" : 1.38684517035351,
    "sentKBytesPerSec" : 0.9290506748346254
  },
  "Get Product ID" : {
    "transaction" : "Get Product ID",
    "sampleCount" : 200,
    "errorCount" : 0,
    "errorPct" : 0.0,
    "meanResTime" : 1053.9800000000005,
    "medianResTime" : 1047.0,
    "minResTime" : 252.0,
    "maxResTime" : 2234.0,
    "pct1ResTime" : 1517.8000000000002,
    "pct2ResTime" : 1725.7999999999997,
    "pct3ResTime" : 2107.4700000000003,
    "throughput" : 1.3749389870824482,
    "receivedKBytesPerSec" : 2.855583122366132,
    "sentKBytesPerSec" : 0.8681719240896184
  },
  "Update Profile" : {
    "transaction" : "Update Profile",
    "sampleCount" : 200,
    "errorCount" : 0,
    "errorPct" : 0.0,
    "meanResTime" : 2098.8749999999986,
    "medianResTime" : 2008.0,
    "minResTime" : 1010.0,
    "maxResTime" : 4000.0,
    "pct1ResTime" : 2892.4000000000005,
    "pct2ResTime" : 3171.7499999999995,
    "pct3ResTime" : 3993.2800000000043,
    "throughput" : 1.3322408957987784,
    "receivedKBytesPerSec" : 1.9749950873616968,
    "sentKBytesPerSec" : 3.3888357380281504
  },
  "Get Profile" : {
    "transaction" : "Get Profile",
    "sampleCount" : 200,
    "errorCount" : 0,
    "errorPct" : 0.0,
    "meanResTime" : 1282.785,
    "medianResTime" : 1240.0,
    "minResTime" : 109.0,
    "maxResTime" : 2916.0,
    "pct1ResTime" : 2091.1,
    "pct2ResTime" : 2271.0999999999995,
    "pct3ResTime" : 2888.4900000000043,
    "throughput" : 1.3433276913570296,
    "receivedKBytesPerSec" : 1.991876855471374,
    "sentKBytesPerSec" : 0.8396322808360872
  },
  "Login" : {
    "transaction" : "Login",
    "sampleCount" : 200,
    "errorCount" : 0,
    "errorPct" : 0.0,
    "meanResTime" : 1148.1599999999999,
    "medianResTime" : 1058.5,
    "minResTime" : 220.0,
    "maxResTime" : 2906.0,
    "pct1ResTime" : 1870.6,
    "pct2ResTime" : 2224.899999999999,
    "pct3ResTime" : 2833.760000000002,
    "throughput" : 1.336862650731264,
    "receivedKBytesPerSec" : 2.293737759351354,
    "sentKBytesPerSec" : 0.9787688455856794
  },
  "Get Offers" : {
    "transaction" : "Get Offers",
    "sampleCount" : 200,
    "errorCount" : 0,
    "errorPct" : 0.0,
    "meanResTime" : 620.5900000000004,
    "medianResTime" : 520.5,
    "minResTime" : 57.0,
    "maxResTime" : 1681.0,
    "pct1ResTime" : 1180.0000000000002,
    "pct2ResTime" : 1299.35,
    "pct3ResTime" : 1593.3200000000006,
    "throughput" : 1.4111139333389777,
    "receivedKBytesPerSec" : 1.7180036530211948,
    "sentKBytesPerSec" : 1.0458779598114751
  },
  "Update Product" : {
    "transaction" : "Update Product",
    "sampleCount" : 200,
    "errorCount" : 0,
    "errorPct" : 0.0,
    "meanResTime" : 1228.3249999999991,
    "medianResTime" : 1168.0,
    "minResTime" : 467.0,
    "maxResTime" : 2587.0,
    "pct1ResTime" : 1794.0000000000005,
    "pct2ResTime" : 2108.5,
    "pct3ResTime" : 2429.880000000001,
    "throughput" : 1.3834224487960765,
    "receivedKBytesPerSec" : 2.9573019090365156,
    "sentKBytesPerSec" : 5.304378067306961
  },
  "Post Offers" : {
    "transaction" : "Post Offers",
    "sampleCount" : 200,
    "errorCount" : 0,
    "errorPct" : 0.0,
    "meanResTime" : 783.7800000000001,
    "medianResTime" : 683.5,
    "minResTime" : 94.0,
    "maxResTime" : 2347.0,
    "pct1ResTime" : 1329.2,
    "pct2ResTime" : 1515.2499999999993,
    "pct3ResTime" : 1777.3700000000006,
    "throughput" : 1.4084407856282704,
    "receivedKBytesPerSec" : 4.247219209723875,
    "sentKBytesPerSec" : 1.033966090027535
  },
  "List Category" : {
    "transaction" : "List Category",
    "sampleCount" : 200,
    "errorCount" : 0,
    "errorPct" : 0.0,
    "meanResTime" : 700.2700000000003,
    "medianResTime" : 641.0,
    "minResTime" : 25.0,
    "maxResTime" : 2050.0,
    "pct1ResTime" : 1169.1000000000001,
    "pct2ResTime" : 1318.4499999999998,
    "pct3ResTime" : 1858.1200000000008,
    "throughput" : 1.3953520822141448,
    "receivedKBytesPerSec" : 1.4580339140323582,
    "sentKBytesPerSec" : 0.8758287083225775
  },
  "Update Offers" : {
    "transaction" : "Update Offers",
    "sampleCount" : 200,
    "errorCount" : 0,
    "errorPct" : 0.0,
    "meanResTime" : 676.255,
    "medianResTime" : 540.0,
    "minResTime" : 36.0,
    "maxResTime" : 2342.0,
    "pct1ResTime" : 1293.5000000000005,
    "pct2ResTime" : 1586.3499999999997,
    "pct3ResTime" : 2298.2800000000016,
    "throughput" : 1.4188422247446084,
    "receivedKBytesPerSec" : 1.694227861627412,
    "sentKBytesPerSec" : 0.9819662936293984
  },
  "Registration" : {
    "transaction" : "Registration",
    "sampleCount" : 200,
    "errorCount" : 0,
    "errorPct" : 0.0,
    "meanResTime" : 1518.07,
    "medianResTime" : 1408.5,
    "minResTime" : 473.0,
    "maxResTime" : 3606.0,
    "pct1ResTime" : 2245.2000000000003,
    "pct2ResTime" : 2583.2499999999995,
    "pct3ResTime" : 2816.55,
    "throughput" : 1.3358447214095834,
    "receivedKBytesPerSec" : 2.292278233078187,
    "sentKBytesPerSec" : 0.960921115029589
  },
  "Total" : {
    "transaction" : "Total",
    "sampleCount" : 2800,
    "errorCount" : 0,
    "errorPct" : 0.0,
    "meanResTime" : 1103.9492857142864,
    "medianResTime" : 1040.0,
    "minResTime" : 25.0,
    "maxResTime" : 4000.0,
    "pct1ResTime" : 1972.7000000000003,
    "pct2ResTime" : 2234.95,
    "pct3ResTime" : 2834.9799999999996,
    "throughput" : 17.904072537071023,
    "receivedKBytesPerSec" : 43.51497657683724,
    "sentKBytesPerSec" : 21.116608415153877
  },
  "Get Category" : {
    "transaction" : "Get Category",
    "sampleCount" : 200,
    "errorCount" : 0,
    "errorPct" : 0.0,
    "meanResTime" : 630.0850000000004,
    "medianResTime" : 534.5,
    "minResTime" : 41.0,
    "maxResTime" : 1640.0,
    "pct1ResTime" : 1128.5000000000002,
    "pct2ResTime" : 1301.55,
    "pct3ResTime" : 1638.9,
    "throughput" : 1.4058271535514708,
    "receivedKBytesPerSec" : 1.000828120057639,
    "sentKBytesPerSec" : 0.8851494130671634
  },
  "List Product" : {
    "transaction" : "List Product",
    "sampleCount" : 200,
    "errorCount" : 0,
    "errorPct" : 0.0,
    "meanResTime" : 1377.1750000000004,
    "medianResTime" : 1347.0,
    "minResTime" : 292.0,
    "maxResTime" : 2835.0,
    "pct1ResTime" : 1975.7,
    "pct2ResTime" : 2166.25,
    "pct3ResTime" : 2826.5800000000004,
    "throughput" : 1.3664655684838383,
    "receivedKBytesPerSec" : 17.921956560913618,
    "sentKBytesPerSec" : 0.8531335617608276
  },
  "Create Product" : {
    "transaction" : "Create Product",
    "sampleCount" : 200,
    "errorCount" : 0,
    "errorPct" : 0.0,
    "meanResTime" : 1575.5649999999987,
    "medianResTime" : 1510.0,
    "minResTime" : 444.0,
    "maxResTime" : 3055.0,
    "pct1ResTime" : 2185.2,
    "pct2ResTime" : 2474.3499999999995,
    "pct3ResTime" : 2911.2200000000016,
    "throughput" : 1.354196995036868,
    "receivedKBytesPerSec" : 2.898497328000054,
    "sentKBytesPerSec" : 3.6888775780525296
  }
}