{
  "ChangePassword" : {
    "transaction" : "ChangePassword",
    "sampleCount" : 400,
    "errorCount" : 157,
    "errorPct" : 39.25,
    "meanResTime" : 4825.2049999999945,
    "medianResTime" : 4697.5,
    "minResTime" : 7.0,
    "maxResTime" : 20497.0,
    "pct1ResTime" : 10737.0,
    "pct2ResTime" : 11689.749999999998,
    "pct3ResTime" : 20486.200000000008,
    "throughput" : 0.5645276244536431,
    "receivedKBytesPerSec" : 0.17344201622099562,
    "sentKBytesPerSec" : 0.23676944612430614
  },
  "UpdateProfile" : {
    "transaction" : "UpdateProfile",
    "sampleCount" : 400,
    "errorCount" : 157,
    "errorPct" : 39.25,
    "meanResTime" : 4588.4525,
    "medianResTime" : 4279.5,
    "minResTime" : 7.0,
    "maxResTime" : 14303.0,
    "pct1ResTime" : 10272.300000000001,
    "pct2ResTime" : 11394.899999999998,
    "pct3ResTime" : 13657.300000000001,
    "throughput" : 0.5666966543646268,
    "receivedKBytesPerSec" : 0.261520267817297,
    "sentKBytesPerSec" : 0.27420453277631773
  },
  "Buyer Order" : {
    "transaction" : "Buyer Order",
    "sampleCount" : 400,
    "errorCount" : 33,
    "errorPct" : 8.25,
    "meanResTime" : 10378.779999999995,
    "medianResTime" : 8194.5,
    "minResTime" : 1196.0,
    "maxResTime" : 27536.0,
    "pct1ResTime" : 19957.900000000005,
    "pct2ResTime" : 22837.55,
    "pct3ResTime" : 26410.73,
    "throughput" : 0.3209409990090947,
    "receivedKBytesPerSec" : 0.2022946905326417,
    "sentKBytesPerSec" : 0.6056037552102765
  },
  "Get Order Seller" : {
    "transaction" : "Get Order Seller",
    "sampleCount" : 400,
    "errorCount" : 358,
    "errorPct" : 89.5,
    "meanResTime" : 2604.4100000000026,
    "medianResTime" : 1929.5,
    "minResTime" : 167.0,
    "maxResTime" : 13282.0,
    "pct1ResTime" : 5143.500000000002,
    "pct2ResTime" : 7703.499999999998,
    "pct3ResTime" : 11220.710000000005,
    "throughput" : 0.2631132347272634,
    "receivedKBytesPerSec" : 0.09685663243508667,
    "sentKBytesPerSec" : 0.0908948308445014
  },
  "History" : {
    "transaction" : "History",
    "sampleCount" : 800,
    "errorCount" : 0,
    "errorPct" : 0.0,
    "meanResTime" : 3004.8149999999996,
    "medianResTime" : 1789.0,
    "minResTime" : 161.0,
    "maxResTime" : 14762.0,
    "pct1ResTime" : 7462.0999999999985,
    "pct2ResTime" : 9245.349999999995,
    "pct3ResTime" : 12803.25,
    "throughput" : 0.5236760487594768,
    "receivedKBytesPerSec" : 0.14304947691308678,
    "sentKBytesPerSec" : 0.1754110202387701
  },
  "List Product Seller" : {
    "transaction" : "List Product Seller",
    "sampleCount" : 400,
    "errorCount" : 0,
    "errorPct" : 0.0,
    "meanResTime" : 4605.812500000004,
    "medianResTime" : 3997.0,
    "minResTime" : 550.0,
    "maxResTime" : 16463.0,
    "pct1ResTime" : 9396.300000000003,
    "pct2ResTime" : 10100.9,
    "pct3ResTime" : 13274.120000000003,
    "throughput" : 0.26036683082795353,
    "receivedKBytesPerSec" : 0.1810363120600614,
    "sentKBytesPerSec" : 0.08899256913064817
  },
  "Get History" : {
    "transaction" : "Get History",
    "sampleCount" : 800,
    "errorCount" : 0,
    "errorPct" : 0.0,
    "meanResTime" : 2857.1562500000023,
    "medianResTime" : 1782.5,
    "minResTime" : 48.0,
    "maxResTime" : 15183.0,
    "pct1ResTime" : 6505.9,
    "pct2ResTime" : 8812.849999999991,
    "pct3ResTime" : 12793.950000000003,
    "throughput" : 0.5254077328196598,
    "receivedKBytesPerSec" : 0.14503100562383303,
    "sentKBytesPerSec" : 0.17599106675502274
  },
  "List Order Seller" : {
    "transaction" : "List Order Seller",
    "sampleCount" : 400,
    "errorCount" : 0,
    "errorPct" : 0.0,
    "meanResTime" : 3292.9799999999987,
    "medianResTime" : 2070.0,
    "minResTime" : 368.0,
    "maxResTime" : 13805.0,
    "pct1ResTime" : 7762.9,
    "pct2ResTime" : 9519.7,
    "pct3ResTime" : 11528.0,
    "throughput" : 0.2629146986405995,
    "receivedKBytesPerSec" : 0.06829620101406199,
    "sentKBytesPerSec" : 0.09345795928240062
  },
  "Patch  Product Seller" : {
    "transaction" : "Patch  Product Seller",
    "sampleCount" : 400,
    "errorCount" : 400,
    "errorPct" : 100.0,
    "meanResTime" : 8711.652499999991,
    "medianResTime" : 7797.0,
    "minResTime" : 150.0,
    "maxResTime" : 22233.0,
    "pct1ResTime" : 15253.800000000001,
    "pct2ResTime" : 16726.85,
    "pct3ResTime" : 19066.83,
    "throughput" : 0.2619820778060573,
    "receivedKBytesPerSec" : 0.08442781804296769,
    "sentKBytesPerSec" : 0.45114644175941926
  },
  "List Banner" : {
    "transaction" : "List Banner",
    "sampleCount" : 400,
    "errorCount" : 0,
    "errorPct" : 0.0,
    "meanResTime" : 1044.1349999999995,
    "medianResTime" : 744.0,
    "minResTime" : 13.0,
    "maxResTime" : 7202.0,
    "pct1ResTime" : 2064.7000000000003,
    "pct2ResTime" : 3194.049999999998,
    "pct3ResTime" : 5871.990000000001,
    "throughput" : 0.26360394035170037,
    "receivedKBytesPerSec" : 0.47520788465745983,
    "sentKBytesPerSec" : 0.08984157732689788
  },
  "List Notification" : {
    "transaction" : "List Notification",
    "sampleCount" : 400,
    "errorCount" : 0,
    "errorPct" : 0.0,
    "meanResTime" : 2421.6924999999997,
    "medianResTime" : 1896.5,
    "minResTime" : 239.0,
    "maxResTime" : 12932.0,
    "pct1ResTime" : 4797.800000000001,
    "pct2ResTime" : 7044.15,
    "pct3ResTime" : 9945.910000000002,
    "throughput" : 0.2643616096714051,
    "receivedKBytesPerSec" : 0.7686255713928354,
    "sentKBytesPerSec" : 0.08984164078676658
  },
  "Patch  Order Seller" : {
    "transaction" : "Patch  Order Seller",
    "sampleCount" : 400,
    "errorCount" : 383,
    "errorPct" : 95.75,
    "meanResTime" : 2595.532500000003,
    "medianResTime" : 1534.5,
    "minResTime" : 110.0,
    "maxResTime" : 29243.0,
    "pct1ResTime" : 4977.300000000002,
    "pct2ResTime" : 7203.799999999994,
    "pct3ResTime" : 16978.930000000015,
    "throughput" : 0.26342964321089124,
    "receivedKBytesPerSec" : 0.08931589770730596,
    "sentKBytesPerSec" : 0.4539138431536611
  },
  "List Categorry" : {
    "transaction" : "List Categorry",
    "sampleCount" : 400,
    "errorCount" : 0,
    "errorPct" : 0.0,
    "meanResTime" : 2705.617500000001,
    "medianResTime" : 2117.0,
    "minResTime" : 40.0,
    "maxResTime" : 12072.0,
    "pct1ResTime" : 5451.700000000005,
    "pct2ResTime" : 6938.299999999997,
    "pct3ResTime" : 10252.350000000002,
    "throughput" : 0.2587591592656156,
    "receivedKBytesPerSec" : 0.7497445561924625,
    "sentKBytesPerSec" : 0.08869576650608504
  },
  "Delete  Buyer Order" : {
    "transaction" : "Delete  Buyer Order",
    "sampleCount" : 400,
    "errorCount" : 33,
    "errorPct" : 8.25,
    "meanResTime" : 4540.0875000000015,
    "medianResTime" : 2831.0,
    "minResTime" : 672.0,
    "maxResTime" : 19184.0,
    "pct1ResTime" : 10483.7,
    "pct2ResTime" : 11055.9,
    "pct3ResTime" : 14281.700000000003,
    "throughput" : 0.3221766252803943,
    "receivedKBytesPerSec" : 0.10423625136421664,
    "sentKBytesPerSec" : 0.5013763611962417
  },
  "LoginSeller" : {
    "transaction" : "LoginSeller",
    "sampleCount" : 800,
    "errorCount" : 141,
    "errorPct" : 17.625,
    "meanResTime" : 2396.176249999998,
    "medianResTime" : 1850.0,
    "minResTime" : 8.0,
    "maxResTime" : 9957.0,
    "pct1ResTime" : 5476.9,
    "pct2ResTime" : 6289.449999999998,
    "pct3ResTime" : 8133.330000000002,
    "throughput" : 0.34571287940367984,
    "receivedKBytesPerSec" : 0.1591279415574538,
    "sentKBytesPerSec" : 0.1350900929114167
  },
  "Get Categorry" : {
    "transaction" : "Get Categorry",
    "sampleCount" : 400,
    "errorCount" : 0,
    "errorPct" : 0.0,
    "meanResTime" : 2791.755000000001,
    "medianResTime" : 2275.0,
    "minResTime" : 10.0,
    "maxResTime" : 10737.0,
    "pct1ResTime" : 5952.700000000003,
    "pct2ResTime" : 6720.6,
    "pct3ResTime" : 8775.830000000002,
    "throughput" : 0.25903866864485864,
    "receivedKBytesPerSec" : 0.09435685879348854,